# Redirects for old postsRedirect 301 /beginners/2014/06/14/troubleshooting-code-for-front-end-dev-beginners.html http://metricslice.com/blog/2014/06/14/troubleshooting-code-for-front-end-dev-beginners/Redirect 301 /sass/css/2014/05/21/color-gradations-using-sass.html http://metricslice.com/blog/2014/05/21/color-gradations-using-sass/Redirect 301 /ui/2014/05/15/flyouts-as-a-web-pattern.html http://metricslice.com/blog/2014/05/15/flyouts-as-a-web-pattern/Redirect 301 /business/2014/03/25/freelancer-money-management.html http://metricslice.com/blog/2014/03/25/freelancer-money-management/Redirect 301 /wordpress/css/2014/03/20/busting-css-cache-in-wordpress.html http://metricslice.com/blog/2014/03/20/busting-css-cache-in-wordpress/Redirect 301 /css/ui/2014/03/19/ui-transitions.html http://metricslice.com/blog/2014/03/19/ui-transitions/Redirect 301 /2014/05/21/color-gradations-using-sass.html http://metricslice.com/blog/2014/05/21/color-gradations-using-sass/Redirect 301 /2014/05/15/flyouts-as-a-web-pattern.html http://metricslice.com/blog/2014/05/15/flyouts-as-a-web-pattern/Redirect 301 /2014/03/25/freelancer-money-management.html http://metricslice.com/blog/2014/03/25/freelancer-money-management/Redirect 301 /2014/03/20/busting-css-cache-in-wordpress.html http://metricslice.com/blog/2014/03/20/busting-css-cache-in-wordpress/Redirect 301 /2014/03/19/ui-transitions.html http://metricslice.com/blog/2014/03/19/ui-transitions/Redirect 301 blog/2014/03/19/ui-transitions/ http://metricslice.com/blog/2014/03/ui-transitions/Redirect 301 blog/2014/03/20/busting-css-cache-in-wordpress/ http://metricslice.com/blog/2014/03/busting-css-cache-in-wordpress/Redirect 301 blog/2014/03/25/freelancer-money-management/ http://metricslice.com/blog/2014/03/freelancer-money-management/Redirect 301 blog/2014/05/15/flyouts-as-a-web-pattern/ http://metricslice.com/blog/2014/05/flyouts-as-a-web-pattern/Redirect 301 blog/2014/05/21/color-gradations-using-sass/ http://metricslice.com/blog/2014/05/color-gradations-using-sass/Redirect 301 blog/2014/06/14/troubleshooting-code-for-front-end-dev-beginners/ http://metricslice.com/blog/2014/06/troubleshooting-code-for-front-end-dev-beginners/Redirect 301 blog/2014/06/24/contact-form-7-in-a-modal/ http://metricslice.com/blog/2014/06/contact-form-7-in-a-modal/Redirect 301 blog/2015/01/20/continuing-education/ http://metricslice.com/blog/2015/01/continuing-education/Redirect 301 blog/2015/03/22/that-familiar-feeling/ http://metricslice.com/blog/2015/03/that-familiar-feeling/Redirect 301 services/ http://metricslice.com/skills